<?xml version="1.0" encoding="UTF-8"?>
<metadata xml:lang="en"><Esri><CreaDate>20220901</CreaDate><CreaTime>11191000</CreaTime><ArcGISFormat>1.0</ArcGISFormat><SyncOnce>TRUE</SyncOnce><DataProperties><lineage><Process ToolSource="c:\program files (x86)\arcgis\desktop10.5\ArcToolbox\Toolboxes\Data Management Tools.tbx\DefineProjection" Date="20220825" Time="133742">DefineProjection chamkhar_boundary PROJCS['DRUKREF_03_Bhutan_National_Grid',GEOGCS['GCS_DRUKREF_03',DATUM['D_Bhutan_National_Geodetic_Datum',SPHEROID['GRS_1980',6378137.0,298.257222101]],PRIMEM['Greenwich',0.0],UNIT['Degree',0.0174532925199433]],PROJECTION['Transverse_Mercator'],PARAMETER['False_Easting',250000.0],PARAMETER['False_Northing',0.0],PARAMETER['Central_Meridian',90.0],PARAMETER['Scale_Factor',1.0],PARAMETER['Latitude_Of_Origin',0.0],UNIT['Meter',1.0]]</Process><Process ToolSource="c:\program files (x86)\arcgis\desktop10.8\ArcToolbox\Toolboxes\Data Management Tools.tbx\Project" Date="20220901" Time="111833">Project boundary C:\Users\hbbha\Documents\ArcGIS\Default.gdb\boundary_Project GEOGCS['GCS_WGS_1984',DATUM['D_WGS_1984',SPHEROID['WGS_1984',6378137.0,298.257223563]],PRIMEM['Greenwich',0.0],UNIT['Degree',0.0174532925199433]] DRUKREF_03_To_WGS_1984_1 PROJCS['DRUKREF_03_Bhutan_National_Grid',GEOGCS['GCS_DRUKREF_03',DATUM['D_Bhutan_National_Geodetic_Datum',SPHEROID['GRS_1980',6378137.0,298.257222101]],PRIMEM['Greenwich',0.0],UNIT['Degree',0.0174532925199433]],PROJECTION['Transverse_Mercator'],PARAMETER['False_Easting',250000.0],PARAMETER['False_Northing',0.0],PARAMETER['Central_Meridian',90.0],PARAMETER['Scale_Factor',1.0],PARAMETER['Latitude_Of_Origin',0.0],UNIT['Meter',1.0]] NO_PRESERVE_SHAPE # NO_VERTICAL</Process><Process ToolSource="c:\program files (x86)\arcgis\desktop10.8\ArcToolbox\Toolboxes\Data Management Tools.tbx\DeleteField" Date="20220901" Time="112838">DeleteField boundary OBJECTID;FID_;Entity;Layer;Color;Linetype;Elevation;LineWt;RefName;Shape_Leng;Shape_Area</Process><Process ToolSource="c:\program files (x86)\arcgis\desktop10.8\ArcToolbox\Toolboxes\Data Management Tools.tbx\CalculateField" Date="20220901" Time="113036">CalculateField boundary name "Chamkhar Local Area Plan" VB #</Process></lineage><itemProps><itemLocation><linkage Sync="TRUE">file://\\SGISD\C$\Users\hbbha\Documents\ArcGIS\Default.gdb</linkage><protocol Sync="TRUE">Local Area Network</protocol></itemLocation></itemProps></DataProperties></Esri></metadata>
