<?xml version="1.0" encoding="UTF-8"?>
<metadata xml:lang="en"><Esri><CreaDate>20221013</CreaDate><CreaTime>13485500</CreaTime><ArcGISFormat>1.0</ArcGISFormat><SyncOnce>TRUE</SyncOnce><DataProperties><lineage><Process ToolSource="c:\program files (x86)\arcgis\desktop10.5\ArcToolbox\Toolboxes\Data Management Tools.tbx\DefineProjection" Date="20220819" Time="152436">DefineProjection Nganglam_Rhub PROJCS['DRUKREF_03_Pemagatshel_TM',GEOGCS['GCS_DRUKREF_03',DATUM['D_Bhutan_National_Geodetic_Datum',SPHEROID['GRS_1980',6378137.0,298.257222101]],PRIMEM['Greenwich',0.0],UNIT['Degree',0.0174532925199433]],PROJECTION['Transverse_Mercator'],PARAMETER['False_Easting',250000.0],PARAMETER['False_Northing',-2500000.0],PARAMETER['Central_Meridian',91.35],PARAMETER['Scale_Factor',1.0],PARAMETER['Latitude_Of_Origin',0.0],UNIT['Meter',1.0]]</Process><Process ToolSource="c:\program files (x86)\arcgis\desktop10.5\ArcToolbox\Toolboxes\Data Management Tools.tbx\Project" Date="20220819" Time="152528">Project Nganglam_Rhub "C:\Users\dwangmo\Desktop\Spatial Plans' boundary\Pemagatsel\Nganglam Regional Hub\Nganglam Regional Hub Planning Boundary.shp" PROJCS['DRUKREF 03 national grid',GEOGCS['GCS_DRUKREF03',DATUM['D_DRUKREF03',SPHEROID['GRS_1980',6378137.0,298.257222101]],PRIMEM['Greenwich',0.0],UNIT['Degree',0.0174532925199433]],PROJECTION['Transverse_Mercator'],PARAMETER['False_Easting',250000.0],PARAMETER['False_Northing',0.0],PARAMETER['Central_Meridian',90.0],PARAMETER['Scale_Factor',1.0],PARAMETER['Latitude_Of_Origin',0.0],UNIT['Meter',1.0]] # PROJCS['DRUKREF_03_Pemagatshel_TM',GEOGCS['GCS_DRUKREF_03',DATUM['D_Bhutan_National_Geodetic_Datum',SPHEROID['GRS_1980',6378137.0,298.257222101]],PRIMEM['Greenwich',0.0],UNIT['Degree',0.0174532925199433]],PROJECTION['Transverse_Mercator'],PARAMETER['False_Easting',250000.0],PARAMETER['False_Northing',-2500000.0],PARAMETER['Central_Meridian',91.35],PARAMETER['Scale_Factor',1.0],PARAMETER['Latitude_Of_Origin',0.0],UNIT['Meter',1.0]] NO_PRESERVE_SHAPE # NO_VERTICAL</Process><Process ToolSource="c:\program files (x86)\arcgis\desktop10.8\ArcToolbox\Toolboxes\Data Management Tools.tbx\DefineProjection" Date="20220908" Time="121504">DefineProjection "Nganglam Regional Hub Planning Boundary" GEOGCS['GCS_DRUKREF_03',DATUM['D_Bhutan_National_Geodetic_Datum',SPHEROID['GRS_1980',6378137.0,298.257222101]],PRIMEM['Greenwich',0.0],UNIT['Degree',0.0174532925199433]]</Process><Process ToolSource="c:\program files (x86)\arcgis\desktop10.8\ArcToolbox\Toolboxes\Data Management Tools.tbx\DefineProjection" Date="20220908" Time="123655">DefineProjection "Nganglam Regional Hub Planning Boundary" PROJCS['DRUKREF_03_Bhutan_National_Grid',GEOGCS['GCS_DRUKREF_03',DATUM['D_Bhutan_National_Geodetic_Datum',SPHEROID['GRS_1980',6378137.0,298.257222101]],PRIMEM['Greenwich',0.0],UNIT['Degree',0.0174532925199433]],PROJECTION['Transverse_Mercator'],PARAMETER['False_Easting',250000.0],PARAMETER['False_Northing',0.0],PARAMETER['Central_Meridian',90.0],PARAMETER['Scale_Factor',1.0],PARAMETER['Latitude_Of_Origin',0.0],UNIT['Meter',1.0]]</Process><Process ToolSource="c:\program files (x86)\arcgis\desktop10.8\ArcToolbox\Toolboxes\Data Management Tools.tbx\Project" Date="20220908" Time="125422">Project "Nganglam Regional Hub Planning Boundary" C:\Users\Dell\Documents\ArcGIS\Default1.gdb\NganglamRegionalHubPlanningB2 GEOGCS['GCS_DRUKREF_03',DATUM['D_Bhutan_National_Geodetic_Datum',SPHEROID['GRS_1980',6378137.0,298.257222101]],PRIMEM['Greenwich',0.0],UNIT['Degree',0.0174532925199433]] # PROJCS['DRUKREF_03_Bhutan_National_Grid',GEOGCS['GCS_DRUKREF_03',DATUM['D_Bhutan_National_Geodetic_Datum',SPHEROID['GRS_1980',6378137.0,298.257222101]],PRIMEM['Greenwich',0.0],UNIT['Degree',0.0174532925199433]],PROJECTION['Transverse_Mercator'],PARAMETER['False_Easting',250000.0],PARAMETER['False_Northing',0.0],PARAMETER['Central_Meridian',90.0],PARAMETER['Scale_Factor',1.0],PARAMETER['Latitude_Of_Origin',0.0],UNIT['Meter',1.0]] NO_PRESERVE_SHAPE # NO_VERTICAL</Process><Process ToolSource="c:\program files (x86)\arcgis\desktop10.8\ArcToolbox\Toolboxes\Data Management Tools.tbx\Project" Date="20220908" Time="125902">Project NganglamRegionalHubPlanningB2 C:\Users\Dell\Documents\ArcGIS\Default1.gdb\NganglamRegionalHubPlanningB3 GEOGCS['GCS_WGS_1984',DATUM['D_WGS_1984',SPHEROID['WGS_1984',6378137.0,298.257223563]],PRIMEM['Greenwich',0.0],UNIT['Degree',0.0174532925199433]] DRUKREF_03_To_WGS_1984_1 GEOGCS['GCS_DRUKREF_03',DATUM['D_Bhutan_National_Geodetic_Datum',SPHEROID['GRS_1980',6378137.0,298.257222101]],PRIMEM['Greenwich',0.0],UNIT['Degree',0.0174532925199433]] NO_PRESERVE_SHAPE # NO_VERTICAL</Process><Process ToolSource="c:\program files (x86)\arcgis\desktop10.8\ArcToolbox\Toolboxes\Data Management Tools.tbx\CalculateField" Date="20221013" Time="134820">CalculateField PLANNING_WGS name "Rinchenthang  Local Area Plan" VB #</Process><Process ToolSource="c:\program files (x86)\arcgis\desktop10.8\ArcToolbox\Toolboxes\Data Management Tools.tbx\DeleteField" Date="20221013" Time="134834">DeleteField PLANNING_WGS OBJECTID;FID_;Entity;Layer;Color;Linetype;Elevation;LineWt;RefName;Shape_Leng;Shape_Area</Process></lineage><itemProps><itemLocation><linkage Sync="TRUE">file://\\DESKTOP-NAEIH5F\C$\Users\Dell\Documents\ArcGIS\Default1.gdb</linkage><protocol Sync="TRUE">Local Area Network</protocol></itemLocation></itemProps></DataProperties></Esri></metadata>
