<?xml version="1.0" encoding="UTF-8"?>
<metadata xml:lang="en"><Esri><CreaDate>20221013</CreaDate><CreaTime>13211400</CreaTime><ArcGISFormat>1.0</ArcGISFormat><SyncOnce>TRUE</SyncOnce><DataProperties><lineage><Process ToolSource="c:\program files (x86)\arcgis\desktop10.5\ArcToolbox\Toolboxes\Data Management Tools.tbx\DefineProjection" Date="20220811" Time="103033">DefineProjection Nganglam_SP_boundary PROJCS['DRUKREF_03_Pemagatshel_TM',GEOGCS['GCS_DRUKREF_03',DATUM['D_Bhutan_National_Geodetic_Datum',SPHEROID['GRS_1980',6378137.0,298.257222101]],PRIMEM['Greenwich',0.0],UNIT['Degree',0.0174532925199433]],PROJECTION['Transverse_Mercator'],PARAMETER['False_Easting',250000.0],PARAMETER['False_Northing',-2500000.0],PARAMETER['Central_Meridian',91.35],PARAMETER['Scale_Factor',1.0],PARAMETER['Latitude_Of_Origin',0.0],UNIT['Meter',1.0]]</Process><Process ToolSource="c:\program files (x86)\arcgis\desktop10.5\ArcToolbox\Toolboxes\Data Management Tools.tbx\Project" Date="20220815" Time="155724">Project "Nganglam Planning Boundary" "C:\Users\dwangmo\Desktop\No development ZOne - Copy\Pemagatsel\Nganglam Planning Boundary1.shp" PROJCS['DRUKREF 03 national grid',GEOGCS['GCS_DRUKREF03',DATUM['D_DRUKREF03',SPHEROID['GRS_1980',6378137.0,298.257222101]],PRIMEM['Greenwich',0.0],UNIT['Degree',0.0174532925199433]],PROJECTION['Transverse_Mercator'],PARAMETER['False_Easting',250000.0],PARAMETER['False_Northing',0.0],PARAMETER['Central_Meridian',90.0],PARAMETER['Scale_Factor',1.0],PARAMETER['Latitude_Of_Origin',0.0],UNIT['Meter',1.0]] # PROJCS['DRUKREF_03_Pemagatshel_TM',GEOGCS['GCS_DRUKREF_03',DATUM['D_Bhutan_National_Geodetic_Datum',SPHEROID['GRS_1980',6378137.0,298.257222101]],PRIMEM['Greenwich',0.0],UNIT['Degree',0.0174532925199433]],PROJECTION['Transverse_Mercator'],PARAMETER['False_Easting',250000.0],PARAMETER['False_Northing',-2500000.0],PARAMETER['Central_Meridian',91.35],PARAMETER['Scale_Factor',1.0],PARAMETER['Latitude_Of_Origin',0.0],UNIT['Meter',1.0]] NO_PRESERVE_SHAPE # NO_VERTICAL</Process><Process ToolSource="c:\program files (x86)\arcgis\desktop10.8\ArcToolbox\Toolboxes\Data Management Tools.tbx\Project" Date="20220825" Time="160928">Project "Nganglam Planning Boundary" C:\Users\Dell\Documents\ArcGIS\Default1.gdb\NganglamPlanningBoundary_Pro GEOGCS['GCS_DRUKREF_03',DATUM['D_Bhutan_National_Geodetic_Datum',SPHEROID['GRS_1980',6378137.0,298.257222101]],PRIMEM['Greenwich',0.0],UNIT['Degree',0.0174532925199433]] # PROJCS['DRUKREF 03 national grid',GEOGCS['GCS_DRUKREF03',DATUM['D_DRUKREF03',SPHEROID['GRS_1980',6378137.0,298.257222101]],PRIMEM['Greenwich',0.0],UNIT['Degree',0.0174532925199433]],PROJECTION['Transverse_Mercator'],PARAMETER['False_Easting',250000.0],PARAMETER['False_Northing',0.0],PARAMETER['Central_Meridian',90.0],PARAMETER['Scale_Factor',1.0],PARAMETER['Latitude_Of_Origin',0.0],UNIT['Meter',1.0]] NO_PRESERVE_SHAPE # NO_VERTICAL</Process><Process ToolSource="c:\program files (x86)\arcgis\desktop10.8\ArcToolbox\Toolboxes\Data Management Tools.tbx\CalculateField" Date="20221013" Time="132202">CalculateField boundary name "Nganglam Structre Plan" VB #</Process><Process ToolSource="c:\program files (x86)\arcgis\desktop10.8\ArcToolbox\Toolboxes\Data Management Tools.tbx\DeleteField" Date="20221013" Time="132221">DeleteField boundary OBJECTID;FID_;Entity;Layer;Color;Linetype;Elevation;LineWt;RefName;Shape_Leng;Shape_Area</Process></lineage><itemProps><itemLocation><linkage Sync="TRUE">file://\\DESKTOP-NAEIH5F\C$\Users\Dell\Documents\ArcGIS\Default1.gdb</linkage><protocol Sync="TRUE">Local Area Network</protocol></itemLocation></itemProps><copyHistory><copy source="C:\Users\dwangmo\Desktop\No development ZOne - Copy\Pemagatsel\Nganglam Planning Boundary" dest="\\THINLEY\C$\Users\dwangmo\Desktop\Azhim Kinzang\Pemagatsel\Nganglam Planning Boundary" date="20220815" time="16263000"></copy></copyHistory></DataProperties></Esri></metadata>
