<?xml version="1.0" encoding="UTF-8"?>
<metadata xml:lang="en"><Esri><CreaDate>20220826</CreaDate><CreaTime>11164900</CreaTime><ArcGISFormat>1.0</ArcGISFormat><SyncOnce>TRUE</SyncOnce><DataProperties><lineage><Process ToolSource="c:\program files (x86)\arcgis\desktop10.5\ArcToolbox\Toolboxes\Data Management Tools.tbx\DefineProjection" Date="20220819" Time="124359">DefineProjection tingtibi PROJCS['DRUKREF_03_Zhemgang_TM',GEOGCS['GCS_DRUKREF_03',DATUM['D_Bhutan_National_Geodetic_Datum',SPHEROID['GRS_1980',6378137.0,298.257222101]],PRIMEM['Greenwich',0.0],UNIT['Degree',0.0174532925199433]],PROJECTION['Transverse_Mercator'],PARAMETER['False_Easting',250000.0],PARAMETER['False_Northing',-2500000.0],PARAMETER['Central_Meridian',90.86666666666666],PARAMETER['Scale_Factor',1.0],PARAMETER['Latitude_Of_Origin',0.0],UNIT['Meter',1.0]]</Process><Process ToolSource="c:\program files (x86)\arcgis\desktop10.8\ArcToolbox\Toolboxes\Data Management Tools.tbx\DeleteField" Date="20220901" Time="103859">DeleteField boundary Entity;Layer;Linetype;Elevation;LineWt;RefName</Process><Process ToolSource="c:\program files (x86)\arcgis\desktop10.8\ArcToolbox\Toolboxes\Data Management Tools.tbx\CalculateField" Date="20220901" Time="103947">CalculateField boundary name "Tingtibi Structure Plan" VB #</Process><Process ToolSource="c:\program files (x86)\arcgis\desktop10.8\ArcToolbox\Toolboxes\Data Management Tools.tbx\CalculateField" Date="20220902" Time="092311">CalculateField boundary plan_id 0 VB #</Process></lineage></DataProperties></Esri></metadata>
