<?xml version="1.0" encoding="UTF-8"?>
<metadata xml:lang="en"><Esri><CreaDate>20220908</CreaDate><CreaTime>13035600</CreaTime><ArcGISFormat>1.0</ArcGISFormat><SyncOnce>TRUE</SyncOnce><DataProperties><lineage><Process ToolSource="c:\program files (x86)\arcgis\desktop10.7\ArcToolbox\Toolboxes\Data Management Tools.tbx\DefineProjection" Date="20200214" Time="180826">DefineProjection SBoundary PROJCS['DRUKREF_03_Dagana_TM',GEOGCS['GCS_DRUKREF_03',DATUM['D_Bhutan_National_Geodetic_Datum',SPHEROID['GRS_1980',6378137.0,298.257222101]],PRIMEM['Greenwich',0.0],UNIT['Degree',0.0174532925199433]],PROJECTION['Transverse_Mercator'],PARAMETER['False_Easting',250000.0],PARAMETER['False_Northing',-2500000.0],PARAMETER['Central_Meridian',89.85],PARAMETER['Scale_Factor',1.0],PARAMETER['Latitude_Of_Origin',0.0],UNIT['Meter',1.0]]</Process><Process ToolSource="c:\program files (x86)\arcgis\desktop10.8\ArcToolbox\Toolboxes\Data Management Tools.tbx\CalculateField" Date="20220908" Time="130444">CalculateField boundary name "Lhamoyzingkha Structure Plan" VB #</Process><Process ToolSource="c:\program files (x86)\arcgis\desktop10.8\ArcToolbox\Toolboxes\Data Management Tools.tbx\DeleteField" Date="20220908" Time="130605">DeleteField boundary FID_;Entity;Layer;Color;Linetype;Elevation;LineWt;RefName;Area</Process></lineage><itemProps><itemLocation><linkage Sync="TRUE">file://\\THINLEY\C$\Users\dwangmo\Desktop\Azhim Kinzang\Dagana\Lamoizingkha\Lhamoizingkha Planning Boundary</linkage><protocol Sync="TRUE">Local Area Network</protocol></itemLocation></itemProps><copyHistory><copy source="C:\Users\dwangmo\Desktop\No development ZOne - Copy\Dagana\Final_Lhamoizingkha\Plan\Lhamoizingkha Planning Boundary" dest="\\THINLEY\C$\Users\dwangmo\Desktop\Azhim Kinzang\Dagana\Lamoizingkha\Lhamoizingkha Planning Boundary" date="20220815" time="16242800"></copy></copyHistory></DataProperties></Esri></metadata>
